Nombre,Significado,Text,Size ,Type,Price,Product Dimensions:,Shipping Weight,Description,Vendida
ekaa,Sueño,https://amzn.to/2RtnH4a,Small,Mini,35.99,7 x 7 x 1.2 inches,6.9 ounces,✔️ Wayuu bags will add personality to your outfit and let you prominent from the crowd !! - Mini ,TRUE
Marakarita,,https://amzn.to/2RsfZXR,Small,Mini,35.99,7 x 7 x 1.2 inches,5.9 ounces,✔️This SMALL bag is perfect for carrying around a few essentials; it’s also a very nice gift for young girls. - ,
Tu'uma,Piedra preciosa,https://amzn.to/2FlPNJK,Small,Mini,35.99,8 x 7 x 1.5 inches,7.2 ounces,"✔️100% QUALITY HANDMADE by Indigenous of the Wayuu Tribe; recognized globally as a craft piece, it will last you throughout the years.",
,,https://amzn.to/2JcBoAX,Small,Mini,35.99,,,"✔️Take it to brunch with your friends, shopping, at the beach or city; combining tradition with chic.",
MIni 5,,,Small,Mini,35.99,,,"✔️It takes 7 days to make; Love Them Or We Will Re-Buy Them Back From You!! No Questions Asked! , Add to Cart' and 'Buy now'!",
MIni 6,,,Small,Mini,35.99,,,,
MIni 7,,,,,,,,,
MIni 8,,,,,,,,,
MIni 9,,,,,,,,,
MIni 10,,,,,,,,,
Solid 1 ,,,,,,,,,
Solid 2,,,,,,,,,
Solid 3,,,,,,,,,
Solid 4,,,,,,,,,
Solid 5,,,,,,,,,
Solid 6,,,,,,,,,
Solid 7,,,,,,,,,
Solid 8,,,,,,,,,
Solid 9,,,,,,,,,
Solid 10,,,,,,,,,
Solid 11,,,,,,,,,
Design 1,,,,,,,,,
Design 2,,,,,,,,,
Design 3,,,,,,,,,
Design 4,,,,,,,,,
Design 5,,,,,,,,,
Design 6,,,,,,,,,
Design 7,,,,,,,,,
Design 8,,,,,,,,,
Design 9,,,,,,,,,
Design 10,,,,,,,,,
Design 11,,,,,,,,,
Design 12,,,,,,,,,
Design 13,,,,,,,,,
Design 14,,,,,,,,,
Design 15,,,,,,,,,
Design 16,,,,,,,,,
Design 17,,,,,,,,,
Design 18,,,,,,,,,
Design 19,,,,,,,,,
Premium 1,,,,,,,,,
Premium 2,,,,,,,,,
Premium 3,,,,,,,,,
Premium 4,,,,,,,,,
Premium 5,,,,,,,,,
Premium 6,,,,,,,,,
Premium 7,,,,,,,,,
Premium 8,,,,,,,,,
Premium 9,,,,,,,,,
Beach 1,,,,,,,,,
Beach 2,,,,,,,,,
Beach 3,,,,,,,,,